"","log2FoldChange","padj"
"LFT_00545",-4.48977266039191,4.42362010104551e-86
"LFT_02608",-5.07358681154292,2.97646516778913e-78
"LFT_00033",4.94683173551967,5.94500604179299e-76
"LFT_02183",4.30550726394124,3.52162406712541e-60
"LFT_00036",4.86886103937294,2.44933796918519e-56
"LFT_02098",-5.24932971889986,7.38444218325159e-55
"LFT_01205",2.66910368495996,2.42905248098873e-54
"LFT_02611",-5.09189629751023,2.48550737448602e-47
"LFT_01519",3.47307379486941,9.82216494491447e-42
"LFT_00038",3.58935239665016,1.03543928966104e-39
"LFT_00034",5.03506866637398,1.04002640801499e-38
"LFT_00763",3.82670023678497,1.31753443642898e-32
"LFT_00039",3.95586785434526,1.35816172037119e-32
"LFT_01517",3.44599374229886,1.27097482120599e-30
"LFT_01206",2.49362212436276,2.50679980002231e-30
"LFT_01210",2.77501329855281,8.7819839913491e-30
"LFT_00037",3.38748106743708,1.29914897990155e-29
"LFT_00771",4.15052566809439,1.49943967083929e-28
"LFT_01211",3.42751332391803,4.89267358562866e-28
"LFT_00786",3.24044385030834,1.16448736882935e-26
"LFT_01065",3.26619059606146,1.60718623986639e-26
"LFT_00785",3.22862262816051,7.6751754746095e-26
"LFT_00777",3.45069076540285,2.69493061604972e-25
"LFT_02607",-4.71546688282703,3.84932295420301e-25
"LFT_01197",2.59836464950386,3.97679855646338e-25
"LFT_01201",2.44847372389665,1.7293501963289e-24
"LFT_01230",2.33500381532773,2.27936495769271e-24
"LFT_00543",-2.10057618851284,4.10033739637589e-24
"LFT_01212",2.85074669244616,6.60393101727296e-24
"LFT_00762",3.79736345626482,6.60393101727296e-24
"LFT_00764",3.68051076215194,6.64914824529261e-23
"LFT_00772",2.36605206195404,7.11407070930154e-23
"LFT_00229",4.00549511509206,7.78690050178407e-23
"LFT_00035",4.50393415587402,8.06316657275235e-23
"LFT_00780",2.7091329243035,1.03971433829738e-22
"LFT_02609",-4.94683229568188,3.5565906131485e-22
"LFT_00230",3.36594905671078,1.45973052332426e-21
"LFT_00774",2.88703795513547,6.91043040078164e-21
"LFT_01202",2.14248052888027,1.46054469196963e-19
"LFT_01213",2.4815488645576,1.96826192085435e-19
"LFT_01518",3.21941105802438,2.80838799140493e-19
"LFT_00775",3.38135175775931,2.80838799140493e-19
"LFT_01209",3.35493888403275,5.07181650981354e-19
"LFT_00784",2.61177901249075,3.33211286708195e-18
"LFT_00628",-3.01575026784521,1.2578974502764e-16
"LFT_00405",-2.02905468211095,3.09993917788455e-16
"LFT_01783",-2.1356686245495,4.91305483031539e-16
"LFT_01214",3.10752480855249,5.09764243058174e-15
"LFT_01195",2.5006408329865,7.80410016134722e-15
"LFT_00544",-4.54286213676794,1.07168954028015e-14
"LFT_01293",-1.41687002087217,1.19048325956854e-14
"LFT_00231",2.71587971660744,1.69095850103556e-14
"LFT_00892",-1.49129384150744,2.00051911059068e-14
"LFT_01563",1.5705451428602,5.47287523301799e-14
"LFT_01901",-1.35339579467858,5.47287523301799e-14
"LFT_00380",-1.41517690165929,1.44937137803472e-13
"LFT_02510",1.23938210331751,1.44937137803472e-13
"LFT_01191",2.97835019200001,2.3088399937998e-13
"LFT_00927",-1.48938869038666,3.40182037122839e-13
"LFT_01200",2.29545710034714,3.40218300493393e-13
"LFT_01793",-1.48959713475812,3.70741365707803e-13
"LFT_00490",2.64599268505976,5.57101935335263e-13
"LFT_00187",2.53742249858528,1.18038189673856e-12
"LFT_00761",3.44091871468184,1.26363606146721e-12
"LFT_00300",2.15244027187113,2.25568297125295e-12
"LFT_01911",-1.24984052860701,2.53386591923651e-12
"LFT_00706",-1.68701298254452,5.20409039547278e-12
"LFT_01584",-1.01795905946352,6.04777733442793e-12
"LFT_02026",2.05275049520182,6.82702042340265e-12
"LFT_00546",1.7248151914578,6.91825403522025e-12
"LFT_01193",3.24225308853836,1.97742931079938e-11
"LFT_00765",4.17589328597702,1.98753416620489e-11
"LFT_01192",2.79493583066691,2.81760791792423e-11
"LFT_00783",2.47977890139936,3.48534012883704e-11
"LFT_00779",2.38987068316958,5.77910975269724e-11
"LFT_00186",1.54697229515278,6.01788392547936e-11
"LFT_00758",1.4052842626178,7.27073179056086e-11
"LFT_00219",1.47761533388395,8.37769626582264e-11
"LFT_00743",-3.10888414494115,1.01885967182592e-10
"LFT_00604",1.91321855688591,1.73593142025639e-10
"LFT_02565",-1.25182685122989,4.04745328760149e-10
"LFT_00760",2.99949706765802,5.76444370018388e-10
"LFT_00773",3.0182157786285,5.96775275027278e-10
"LFT_00389",-1.15864017113101,1.13992414166456e-09
"LFT_01207",2.77883478166244,1.31002035169904e-09
"LFT_01521",2.46808689948674,1.63088196476683e-09
"LFT_01043",-0.959830853950203,1.72084362751688e-09
"LFT_00679",-1.08930608153973,1.72500827089379e-09
"LFT_00995",1.06699734511804,1.74877309376692e-09
"LFT_01708",1.13044936612811,4.92555981478753e-09
"LFT_01198",1.59744168784695,5.86633935780571e-09
"LFT_00778",2.66021451268197,6.34716796750553e-09
"LFT_02184",2.06622686035618,7.06870849758272e-09
"LFT_02020",-0.930559204771637,9.37657363068971e-09
"LFT_02296",-1.16043173424309,9.37657363068971e-09
"LFT_00776",2.73861610220902,9.5403238188364e-09
"LFT_00781",2.96408812730201,1.15382334427814e-08
"LFT_01839",1.49795764506665,1.21260520488849e-08
"LFT_00769",5.54977885654657,1.82508815923039e-08
"LFT_01619",-0.970043140828499,2.5936517981569e-08
"LFT_00753",1.85068410536333,3.11261770994293e-08
"LFT_00994",0.902150102780423,3.13215881067446e-08
"LFT_00929",-1.08661885281588,3.42233751490623e-08
"LFT_01204",1.75053892044944,3.6981979151068e-08
"LFT_01194",2.49778224794606,4.40761295191653e-08
"LFT_00629",-2.13548590136886,4.70635646843511e-08
"LFT_00782",2.50253281709024,5.23479467526311e-08
"LFT_00645",1.44513036762747,5.23479467526311e-08
"LFT_02134",-1.21381224918697,6.85060933571644e-08
"LFT_01199",1.93273131741718,7.00163750715114e-08
"LFT_00506",1.1528737842952,7.97454123750584e-08
"LFT_02537",1.18102957199791,8.39635826850651e-08
"LFT_01934",-1.17635161599241,9.61863056872175e-08
"LFT_00196",1.30059781989926,1.53834996313748e-07
"LFT_01262",1.10368840969906,2.14196177647909e-07
"LFT_01208",2.8571323806006,2.1566626364783e-07
"LFT_00770",3.53766010264291,2.33790416428993e-07
"LFT_02075",-1.04431074539718,2.38637474301484e-07
"LFT_00801",1.26979067823917,3.08687745662209e-07
"LFT_00127",1.24111439945404,3.16391429294377e-07
"LFT_00318",-0.929301931324017,3.61592534695549e-07
"LFT_01266",-1.08145647289242,3.87821552931585e-07
"LFT_00626",-1.69345646342765,4.26794736241978e-07
"LFT_00539",1.16678348247504,4.39899977254392e-07
"LFT_00715",-1.31980352681082,4.81850832307617e-07
"LFT_00435",2.49304044119947,8.7011225275539e-07
"LFT_00802",3.21759221705932,9.06417020907036e-07
"LFT_00084",2.85392507361214,9.2400709219767e-07
"LFT_00224",1.13540891508749,1.04813170099488e-06
"LFT_01673",0.879949095529629,1.0981891099424e-06
"LFT_00757",1.74985628731435,1.25615455003512e-06
"LFT_00925",-0.838566660482861,1.47151248012577e-06
"LFT_00193",1.0472633197877,1.71555382447376e-06
"LFT_01160",1.27505626256033,1.8084346237589e-06
"LFT_00217",1.38498140120719,1.82997400807394e-06
"LFT_00434",3.90933239974922,1.99410079943534e-06
"LFT_01033",-0.944521904523163,2.12186779737334e-06
"LFT_00787",-0.841550544405699,2.97935093734587e-06
"LFT_00857",1.36347517011871,3.33688290669973e-06
"LFT_00768",3.76656458512911,3.37731093499443e-06
"LFT_00930",-1.00887875034914,3.4519601681876e-06
"LFT_00398",3.78077590231195,3.4519601681876e-06
"LFT_01799",-0.903369097547308,3.4519601681876e-06
"LFT_00887",-0.928568810607146,3.62279219206243e-06
"LFT_01800",-1.09082019447951,3.96178707070728e-06
"LFT_00566",1.74730789891195,4.7530672770112e-06
"LFT_02313",-1.37618565037318,5.1777492933016e-06
"LFT_01928",-0.914271170440655,5.28139841785375e-06
"LFT_01196",2.70352335678911,5.5354003388705e-06
"LFT_00944",1.24777240683964,6.35043667079996e-06
"LFT_00451",3.15509496767207,6.45596380327236e-06
"LFT_01617",-0.882581975193346,6.95451927338857e-06
"LFT_02198",2.3662569634281,7.30705887058586e-06
"LFT_02127",-0.881437306015097,7.37404263403537e-06
"LFT_00923",-0.807083419828664,7.68981835275965e-06
"LFT_00805",1.11528066124008,9.34925168066366e-06
"LFT_01923",-1.06250307171544,9.51435327571528e-06
"LFT_00203",1.14441111950832,1.11550266108592e-05
"LFT_00137",-0.892505113263067,1.18325528403059e-05
"LFT_00620",-1.484907014512,1.34720302798365e-05
"LFT_01083",-0.751423672830709,1.80112641724379e-05
"LFT_00926",-1.00602969804635,1.96313095648042e-05
"LFT_00849",-0.776546564398464,1.97373454330765e-05
"LFT_00431",3.04479249601697,1.97373454330765e-05
"LFT_00058",-0.893976271754149,2.02640522122493e-05
"LFT_02195",1.22999872850118,2.16870331026549e-05
"LFT_00766",3.04829656169248,2.30046772998001e-05
"LFT_00958",0.720541551658329,2.58171469702639e-05
"LFT_00963",0.821647594134635,3.50349188574182e-05
"LFT_02125",-0.753251093837654,3.87056473254636e-05
"LFT_01616",-0.968289947770178,3.88693972373216e-05
"LFT_00725",0.970018669788035,3.90043644709753e-05
"LFT_02080",0.995013467676357,4.15940160402753e-05
"LFT_00317",-0.811106079820375,4.15940160402753e-05
"LFT_02603",-0.984652463671721,4.53153383413849e-05
"LFT_00713",-1.45280032113362,4.53485529275028e-05
"LFT_01831",1.24729191679632,4.69560108895726e-05
"LFT_00313",-0.747914008409305,4.80583868683296e-05
"LFT_00640",0.849274880248045,5.36771224712129e-05
"LFT_00996",1.09536469840191,5.53334678038799e-05
"LFT_01719",1.0855154925805,5.87879780094926e-05
"LFT_02307",1.39585875359886,6.04961178488231e-05
"LFT_01238",0.961453398724637,6.93772655251758e-05
"LFT_02017",1.60174662930282,6.93772655251758e-05
"LFT_01701",-0.933221348146624,7.47597355553153e-05
"LFT_00998",1.05943711242205,7.7832075694584e-05
"LFT_00305",-0.987031733638876,8.333743335368e-05
"LFT_01620",-1.08968851615655,8.333743335368e-05
"LFT_02072",-0.697288535007325,8.49200231541168e-05
"LFT_01045",-1.02173972344701,8.49200231541168e-05
"LFT_00915",1.04237927230572,8.87698645933661e-05
"LFT_01914",-0.937613627844061,8.91447232775147e-05
"LFT_00865",-0.885756772054019,9.01546085665573e-05
"LFT_00450",3.59133078499434,9.01546085665573e-05
"LFT_00385",-1.01561123268089,9.2484388612904e-05
"LFT_00239",0.938923038075313,9.2484388612904e-05
"LFT_02021",-0.682228010600334,9.29314420788223e-05
"LFT_01271",-0.923135936995926,9.56069976946912e-05
"LFT_02364",0.801440527916355,9.74897093427801e-05
"LFT_01844",1.00335610254301,9.89603134668215e-05
"LFT_01473",0.646643258359168,0.000106111952045938
"LFT_01500",1.50165474266843,0.000108328236618431
"LFT_00649",0.873035509533409,0.000114964473025746
"LFT_02538",-0.927722084225959,0.00011759224465131
"LFT_01417",-0.755532705446155,0.000121360428885171
"LFT_00534",0.851406318862786,0.000130598926140836
"LFT_00875",0.735438011399525,0.000143693470313309
"LFT_01550",0.795699447335089,0.000155791883592195
"LFT_00465",1.71942441807723,0.000162159641330834
"LFT_01049",0.705996300074369,0.0001669713189683
"LFT_00391",2.15258428891374,0.000175765269711581
"LFT_00378",-0.716289006940629,0.000191886640339419
"LFT_00489",-0.760892184253811,0.000196425084221502
"LFT_01472",-0.835004659966477,0.000222945451115767
"LFT_01295",2.86903048118606,0.000226260380973564
"LFT_00646",-0.847273975211448,0.000226260380973564
"LFT_00107",0.804346391861161,0.000226260380973564
"LFT_00614",-0.627058682964359,0.00022673334064457
"LFT_00616",-0.854827440988333,0.00022673334064457
"LFT_00408",1.24733035710225,0.00022673334064457
"LFT_01499",0.989457993420025,0.000231336152835033
"LFT_00744",-2.01598506085185,0.000238999482038131
"LFT_00803",2.55338501087738,0.000245049715097112
"LFT_01064",0.830259764894111,0.000245905300110863
"LFT_01216",0.811059311444694,0.000254084967454914
"LFT_00179",-0.614707410679153,0.000271612569078775
"LFT_00206",0.766928280566613,0.000273389366440639
"LFT_01060",1.11015266665755,0.000281431462066615
"LFT_01614",-0.773857210345417,0.000299172726459492
"LFT_01133",-0.701739191161607,0.000308827974278273
"LFT_01623",-0.783796463699833,0.000320294925987752
"LFT_00447",3.63640748762827,0.00032196593929894
"LFT_01333",-1.79009703893863,0.000327619608962747
"LFT_01756",-1.17856896594513,0.000376998248094893
"LFT_01217",2.00811064217207,0.000397748650010546
"LFT_00433",3.85153235725056,0.000402882861751914
"LFT_00487",-0.73129612340783,0.000404130090858062
"LFT_00388",-0.828282796601487,0.000404130090858062
"LFT_02251",-0.972036515249214,0.000404130090858062
"LFT_02115",0.692926465518389,0.000414130103483984
"LFT_01270",-0.866427564351003,0.000421468685020603
"LFT_00397",2.59405634208295,0.000426980024618665
"LFT_02300",0.65916503680278,0.000438751499806824
"LFT_00833",-0.849391212573548,0.000447463661059347
"LFT_02325",0.76276455777214,0.000449918527474085
"LFT_01663",0.983158655890831,0.000467210224572649
"LFT_00495",0.7481669456046,0.000475460019417176
"LFT_01332",-1.28205509110806,0.000476909846308513
"LFT_01534",1.05506722007376,0.000479855918112999
"LFT_01376",0.840513794088364,0.000504065180436364
"LFT_01882",-0.6831576463036,0.000504065180436364
"LFT_01397",-1.17813285231866,0.000507311346409706
"LFT_00271",-0.655799845005423,0.000517674329806777
"LFT_01908",-0.785946636263835,0.000564475079060677
"LFT_00615",-0.814500279807299,0.000573308061502054
"LFT_01646",1.00963560684043,0.000612330573268509
"LFT_01287",-0.667275203266817,0.000615386679494931
"LFT_01548",0.746663146167053,0.000636488906590396
"LFT_00308",-0.751878982675112,0.000647361415632004
"LFT_00767",2.98309770492883,0.000647361415632004
"LFT_00262",-0.758719721938309,0.000647361415632004
"LFT_01416",-0.834870085423732,0.000679166373253738
"LFT_01542",0.85397078095656,0.000684100131778171
"LFT_00148",1.1618212791028,0.000684100131778171
"LFT_02326",0.772220291694769,0.000707773390278024
"LFT_00992",0.695819677489831,0.000737563752902237
"LFT_00899",-0.935311852787963,0.000749227552371124
"LFT_00146",0.70610419334064,0.00077295237276686
"LFT_01924",-0.76736964500455,0.000775273500279943
"LFT_02193",0.891665051461118,0.000821664655460079
"LFT_00078",-0.555803943525949,0.000844166971720213
"LFT_00381",-0.724724549033539,0.000845656506949271
"LFT_01905",-0.758906106849858,0.000902941415914365
"LFT_01950",-0.789195678047074,0.000909894624029939
"LFT_00028",-0.942840836757195,0.000975772868825859
"LFT_01982",-0.908921523934621,0.000975772868825859
"LFT_00817",-0.812724171972897,0.000994451291979773
"LFT_00924",-0.820208607027373,0.00099530527868396
"LFT_02029",-0.941145567035235,0.00104147614558651
"LFT_01939",-0.893491870225411,0.00106133675109505
"LFT_00918",-0.880863605911815,0.00113142898287276
"LFT_00741",-2.11161584136859,0.00116931004210219
"LFT_02311",-1.13988236724402,0.0011719072002303
"LFT_01219",-0.627683178477806,0.00121701192148951
"LFT_00813",0.765297842130166,0.00123427436748006
"LFT_00449",1.46551445410016,0.0012592924915137
"LFT_01218",0.867357880809785,0.00126188433563398
"LFT_01650",1.58515738728777,0.00131094459383728
"LFT_01152",-0.690370074300344,0.00137369056009412
"LFT_00570",0.627808043018944,0.001383225530411
"LFT_01147",-0.782777375631924,0.0013920480024259
"LFT_01922",-0.7776600935401,0.00139397270564597
"LFT_02546",0.833077948047359,0.00141049349870384
"LFT_02295",-0.80698155431679,0.00141950862503077
"LFT_01430",-0.715476043848514,0.00147546218861231
"LFT_00928",-1.21968811719173,0.00154253462729301
"LFT_01682",-0.948055773187327,0.00154793229856301
"LFT_01327",1.17882456420751,0.00154793229856301
"LFT_00418",2.46608589532123,0.00154793229856301
"LFT_02575",1.09685392480592,0.00154793229856301
"LFT_02540",0.887135888260011,0.00161707834997121
"LFT_00432",4.36321706493022,0.00161867297344787
"LFT_02100",-0.686894326361832,0.00165090870544226
"LFT_01573",0.584185749299102,0.00169021016538687
"LFT_01897",-0.66579270764961,0.00169540419270536
"LFT_00460",-0.81026713304025,0.00171275413425193
"LFT_00172",0.610050960197391,0.00176302747344372
"LFT_01865",-0.712000616159492,0.00183009062665809
"LFT_00999",-0.58231409573276,0.00183009062665809
"LFT_01582",-0.935800866182994,0.00188622330369988
"LFT_00257",-0.817123444593312,0.00189437402639106
"LFT_01429",-0.633360507807066,0.00189437402639106
"LFT_01231",1.64407566337131,0.00190424255049625
"LFT_00573",0.596562850603148,0.00194701806070982
"LFT_00861",-0.716457132989838,0.00199314525984439
"LFT_02560",-0.814367712202921,0.00202926442723872
"LFT_01755",-0.891148921486437,0.0020350708804583
"LFT_01032",-0.669715741536516,0.00210189539538613
"LFT_00752",1.50265113240438,0.00220082395039228
"LFT_00421",2.3921938618968,0.00220766639557971
"LFT_00636",0.519331778667697,0.00225971397157118
"LFT_02071",-0.717548931159542,0.00230217019299054
"LFT_01269",-0.578242026106932,0.00232594072798528
"LFT_01652",-0.574546669421001,0.00233248055824241
"LFT_02516",-0.94009667477308,0.00253732113619935
"LFT_01929",-0.643841302643674,0.00253732113619935
"LFT_01279",-0.873948961234631,0.00254276023456744
"LFT_00263",-1.10850430033539,0.00265844087732095
"LFT_00494",0.682140562970418,0.00275206368212271
"LFT_01887",-0.669402942637858,0.00285195443299587
"LFT_00526",-0.859271883351788,0.00289563568803752
"LFT_00584",0.870038588984832,0.00290514372025465
"LFT_01585",-0.504145511874832,0.00291057874680196
"LFT_01053",-0.63763060068397,0.00294343997952287
"LFT_02047",-0.526680942544136,0.00297268977389084
"LFT_02602",-0.668507272208813,0.00299530748322314
"LFT_00555",0.7906605107738,0.00299530748322314
"LFT_01621",-0.877994507844566,0.00301192217599834
"LFT_00199",0.67411563549298,0.00301456955281572
"LFT_01551",-0.682840938951448,0.00308996980170094
"LFT_01894",-0.586035914363196,0.00312605761953233
"LFT_00416",1.18185636239279,0.00318422265357293
"LFT_00176",-0.722991316688395,0.00325809857579995
"LFT_00627",-2.24330046943976,0.00325809857579995
"LFT_00804",0.985861468622759,0.00328868485023544
"LFT_01149",-0.507778407074382,0.00328868485023544
"LFT_01148",-0.703327155175531,0.00329859227375038
"LFT_00754",0.867205688301467,0.00333091617035777
"LFT_01371",0.828921447783205,0.00333407835067603
"LFT_00125",-0.560580428463871,0.00347744324006903
"LFT_02452",-0.709534946622355,0.00359794985758275
"LFT_00448",2.83292838981338,0.00362469577464191
"LFT_00474",-1.14712385194786,0.00365639803120553
"LFT_00538",0.730314313899934,0.00372806442383379
"LFT_01883",-0.537615229647095,0.00393373212953251
"LFT_00652",0.93397019034957,0.00393373212953251
"LFT_01985",-0.595693650507806,0.00399107859678565
"LFT_01930",-0.665937555916259,0.00400370793926506
"LFT_00252",-0.793336446435917,0.00400847414527705
"LFT_00759",0.97464380380603,0.00411997884678584
"LFT_00018",0.815337973436792,0.00416122284028795
"LFT_00314",-0.568547511261343,0.0042353350272024
"LFT_00249",0.526692192366717,0.00424737335896733
"LFT_01091",-0.76662120447421,0.00425169044733907
"LFT_00755",0.909793878217872,0.00430562487074014
"LFT_00393",-0.785605248873918,0.00438557652556129
"LFT_00426",2.08519264854426,0.00454319368382307
"LFT_01403",-0.713299687293553,0.00468776947786847
"LFT_00888",-0.652745762435556,0.00482387294269252
"LFT_01768",-1.12198106479043,0.00485373238409845
"LFT_01637",0.788208596784352,0.00488069927897362
"LFT_01853",1.56801543426419,0.00506733252309164
"LFT_00119",-0.610940702549952,0.00506733252309164
"LFT_01179",0.681021213204983,0.00507163735045574
"LFT_02247",-0.94739907468113,0.00508116056487239
"LFT_00419",4.0117006254633,0.00510148674198176
"LFT_00666",1.39786121602669,0.00513905795214341
"LFT_00825",-0.714981792513972,0.00513905795214341
"LFT_01815",1.38323739030755,0.00517157333192638
"LFT_02240",-0.748786715588102,0.00517157333192638
"LFT_01456",-0.559374385111699,0.0054508488496594
"LFT_01109",-0.543283032518505,0.00558290994410628
"LFT_00745",-1.00238026090201,0.00571628978355038
"LFT_01273",-0.539999347679685,0.00571628978355038
"LFT_00975",1.37632312026951,0.00602192144345387
"LFT_02201",0.875597794375184,0.00637601545912688
"LFT_02324",0.928918671966621,0.00642029896712336
"LFT_01630",-0.788390178541972,0.00645211374295136
"LFT_00167",-0.897544296134827,0.00661266686724689
"LFT_02079",1.10944652106124,0.00687138517761537
"LFT_00104",-0.512862443419923,0.00687786027350549
"LFT_00387",-0.599022105038356,0.00697496476531206
"LFT_02297",-0.579386624483478,0.0071524265696883
"LFT_01675",0.788730241146124,0.00732267501839867
"LFT_00266",-0.489210399378957,0.00738089052985709
"LFT_00099",-0.46671480016327,0.00747747819604926
"LFT_01072",-0.600398695554177,0.00747747819604926
"LFT_01891",1.4217424483064,0.00753357268841271
"LFT_01947",0.525321193633495,0.00789693086515206
"LFT_01267",-0.458809465490325,0.00802203500868511
"LFT_01954",0.64310709354897,0.00806259275556976
"LFT_01936",-0.586986458781497,0.00806259275556976
"LFT_00531",-0.923827804128736,0.00815999242220016
"LFT_01661",0.737670441465857,0.00827059279584007
"LFT_01284",-0.486570456204156,0.00833041338973875
"LFT_01740",1.48416960599319,0.00833498695385897
"LFT_01405",-0.515135045445391,0.00852029228502162
"LFT_00961",1.02235572830015,0.0085228703464136
"LFT_01088",0.789983105266427,0.00856809104472035
"LFT_01096",0.842814140830195,0.00865203338827516
"LFT_01588",0.968825766343558,0.00891320578735811
"LFT_01026",0.642075264016565,0.00907918930091052
"LFT_02117",-0.958553813736551,0.00915120869695707
"LFT_00422",2.00763383669855,0.0092012181760458
"LFT_02141",-0.590062987021076,0.00939186482784465
"LFT_00814",-0.625523855617636,0.00950426476337456
"LFT_02566",-0.898493168206885,0.00957279090487138
"LFT_01113",-0.536247133871438,0.00965295016752449
"LFT_00512",1.46996876393292,0.00968282136699439
"LFT_00075",-0.52705514829525,0.0100473394644046
"LFT_01381",-0.611566148512288,0.0102785867972395
"LFT_00177",-0.610914789270468,0.0102785867972395
"LFT_00707",-0.52721917957394,0.0103114789591294
"LFT_01007",-0.835314667860399,0.0105966147087879
"LFT_01566",-0.519255540478937,0.0106700191602967
"LFT_01399",-0.817142925877243,0.0107597943359606
"LFT_00379",-0.868466480109777,0.0108103145352363
"LFT_00022",-0.594234733577055,0.0108103145352363
"LFT_00653",1.54402652722709,0.0110013382490506
"LFT_02312",-0.872965469674553,0.0112378673890066
"LFT_01455",0.709668354341693,0.011344759499818
"LFT_01964",0.549911502872523,0.0115419504815415
"LFT_00613",-0.515247585439538,0.0115894448881427
"LFT_02090",-0.58053832191842,0.0117080307796931
"LFT_01866",0.615103602193057,0.0117080307796931
"LFT_00515",-1.16866772209869,0.0117080307796931
"LFT_00826",0.600989520757067,0.0117200207742049
"LFT_00853",0.55940121098699,0.0117200207742049
"LFT_00917",-0.606791211653083,0.0117200207742049
"LFT_01972",1.02728501232952,0.0117200207742049
"LFT_01731",0.610297030532517,0.0118626944202477
"LFT_01906",-0.578302818331913,0.0119160524421489
"LFT_01992",-0.538127390691394,0.0123236768416516
"LFT_00529",-0.846741628982012,0.0123328593339525
"LFT_02288",-0.556769072474722,0.0125545152956798
"LFT_01773",-0.754914083236331,0.0128284510979024
"LFT_01237",-0.637166020803746,0.0130565807728157
"LFT_01502",0.744763524751607,0.0133691956292055
"LFT_01173",0.503423032408942,0.013578215246342
"LFT_00471",-0.727351594760894,0.0136230898178207
"LFT_00665",1.07919793602772,0.0136230898178207
"LFT_02138",-0.745954575608796,0.0136688059695173
"LFT_00710",1.15096627219941,0.0137479169729946
"LFT_00409",1.07383612168305,0.0138725089005828
"LFT_01004",-0.870977052882681,0.0142330045549926
"LFT_00870",-0.639717423496724,0.0146862214159968
"LFT_01307",-0.56129481595461,0.0147249105921002
"LFT_02196",0.860260079908863,0.0147757741051553
"LFT_00108",-0.457830681223871,0.0147877563914856
"LFT_02116",0.744583255900262,0.015489781967505
"LFT_00190",-1.1889548101623,0.0155822167586661
"LFT_00481",-0.545419535096842,0.0156907899979582
"LFT_01351",0.693310423551107,0.016038754180927
"LFT_01940",-0.640067570431946,0.016038754180927
"LFT_01814",0.860494166176944,0.016038754180927
"LFT_00161",-0.585994087574854,0.016038754180927
"LFT_00724",0.690306340871374,0.0161838520222892
"LFT_01976",0.845986642974423,0.0162212910131034
"LFT_01471",0.652143655784493,0.016274281091442
"LFT_02539",0.624189997136591,0.016274281091442
"LFT_00200",1.09439961445093,0.0162964343271452
"LFT_01158",-0.471036047832402,0.0163550475077629
"LFT_02289",-1.15563371125176,0.0163550475077629
"LFT_02434",1.13055121098532,0.0163991343997237
"LFT_01843",0.689457909516447,0.0165712127516541
"LFT_00392",0.502608778877124,0.0167257179260071
"LFT_00082",-0.645971307638057,0.0168694047663016
"LFT_01428",-0.622591184298425,0.0168968799107751
"LFT_01732",0.66073026298642,0.0169659845562698
"LFT_01587",-0.439796873529914,0.0169861632889912
"LFT_01090",-0.520884247275404,0.017241949644129
"LFT_01427",0.796038773857398,0.0174372382224735
"LFT_02008",0.545683740422024,0.0175338065817709
"LFT_01150",-0.500658894080404,0.0175945396004448
"LFT_01615",-0.496660090103018,0.0177960943866448
"LFT_01927",-0.654124172114124,0.0179428125448503
"LFT_00079",-0.493712571840975,0.0179538809831814
"LFT_02142",-0.57078358646996,0.018035568749431
"LFT_00625",-0.816203573167119,0.018035568749431
"LFT_00207",-0.624375429956957,0.0181655933185746
"LFT_00693",-0.788726223871991,0.018234468071476
"LFT_00420",3.62925325142409,0.0184882326548648
"LFT_00178",-0.535861529349466,0.0189791690476267
"LFT_01833",1.08544575395708,0.0192275494649164
"LFT_01766",-0.756889343510145,0.0192812777064025
"LFT_01127",1.52633923775878,0.0197410755790321
"LFT_01963",0.441459492751548,0.019878959157712
"LFT_02044",-0.692396718329033,0.0203097439925393
"LFT_01469",0.68826081372695,0.0203097439925393
"LFT_00702",-0.762465671177924,0.0203097439925393
"LFT_01087",0.868130920252986,0.0203097439925393
"LFT_00518",-1.36274977828951,0.0205984583593033
"LFT_00882",-0.483755878289454,0.0212489342889252
"LFT_02275",-0.668376176970259,0.0212489342889252
"LFT_01671",-0.516052725555078,0.0215871477142058
"LFT_00302",-0.55339747080934,0.0216669987263025
"LFT_00423",1.57853937606221,0.0223746203599622
"LFT_02194",1.03190126770276,0.0224814143943935
"LFT_02046",-0.644370022308361,0.0228659256410305
"LFT_01352",-0.548395416303134,0.02322156069173
"LFT_00226",1.00206475714831,0.0233869301955977
"LFT_01439",0.87310233197109,0.0235541588829668
"LFT_00914",0.799394043036231,0.0235868567603167
"LFT_01935",-0.51380481205305,0.0240841231542398
"LFT_01131",0.592231508179598,0.0246041546087236
"LFT_01157",-0.380248585264626,0.0246044977678102
"LFT_01988",-0.524525714214125,0.0251635996786527
"LFT_02013",-0.56236373765165,0.0251635996786527
"LFT_02104",-1.27831730673473,0.0253327200177127
"LFT_02257",0.626534980534222,0.0253327200177127
"LFT_02301",0.926671433776804,0.0258658530149758
"LFT_02096",-0.539777336243431,0.026161542398744
"LFT_00541",-2.33536801683426,0.026161542398744
"LFT_01622",-0.599442286727966,0.026161542398744
"LFT_02541",0.435902975463183,0.026965215925555
"LFT_01659",-0.525904821342586,0.0272576570834404
"LFT_00053",0.808968038017019,0.0286279094195173
"LFT_00211",-0.582622162339613,0.0288584355824209
"LFT_00395",0.799220780787323,0.029100950559215
"LFT_00869",-0.492485286414612,0.0299475647196563
"LFT_00517",-1.08703072339208,0.0301262647092305
"LFT_00044",1.1320182669133,0.0303835562139336
"LFT_00074",-0.468864761628568,0.0305142198028548
"LFT_00727",0.663503089625221,0.03081352290843
"LFT_00574",0.676475014311006,0.03081352290843
"LFT_02042",-0.469744290604809,0.030960800182288
"LFT_00083",0.555560315063379,0.0314023716096661
"LFT_01925",-0.783166090518382,0.0316897066886093
"LFT_01373",-0.648419624441281,0.0319997742810077
"LFT_00261",-0.566814229008485,0.0320303978799598
"LFT_01321",0.545132735919845,0.0321908224160038
"LFT_01721",-0.715084139966694,0.0325479366064054
"LFT_01653",0.489353072111203,0.0327134166765618
"LFT_01159",-0.490328960053397,0.0333389693947932
"LFT_01480",0.513602699910661,0.0333389693947932
"LFT_00686",-0.589572525971738,0.033692868782711
"LFT_01250",-0.684726326695894,0.033692868782711
"LFT_01570",0.472039558656519,0.0337911518475536
"LFT_00838",-0.485893005866382,0.0337911518475536
"LFT_02604",-0.475210595593104,0.0343318158262448
"LFT_01111",-0.492698685978379,0.0345002216623064
"LFT_01946",-0.473400625893447,0.0346034970394185
"LFT_00844",3.35734353363172,0.0351348311087252
"LFT_00470",-0.670871674313367,0.0357936660011881
"LFT_00890",-0.480878793570443,0.03623173346586
"LFT_00396",1.79368513775451,0.03623173346586
"LFT_02199",1.63476019089591,0.036665533636689
"LFT_01762",-0.576502000385707,0.0371657105464815
"LFT_01112",-0.570757069815564,0.0377852385988512
"LFT_01467",0.693629730475882,0.0386819193250707
"LFT_01446",0.478726421667343,0.0386819193250707
"LFT_00054",0.551205988088727,0.0392006396404183
"LFT_00514",1.07277765286901,0.0393068853366836
"LFT_00885",-0.596487089927307,0.0394914541970893
"LFT_01263",0.506512050893115,0.0394914541970893
"LFT_00588",1.37103368475403,0.0394914541970893
"LFT_01239",0.877388446169906,0.0394914541970893
"LFT_01857",-0.439670477556128,0.0394914541970893
"LFT_00070",-0.413027934159865,0.0396875711382354
"LFT_00997",0.433865022969648,0.0402669854053894
"LFT_01561",0.49589728930246,0.0410118368552665
"LFT_00374",-0.510815455429341,0.0411749152037547
"LFT_00210",-0.480537045795265,0.0416226917964932
"LFT_00411",0.83338277562195,0.0416226917964932
"LFT_01224",-0.475818365433667,0.0416226917964932
"LFT_00068",0.643860037306028,0.0416272356609532
"LFT_00220",1.91211000139369,0.0418831548906365
"LFT_01260",1.15843916645605,0.0422876653502035
"LFT_01059",0.394238526036073,0.0424007174989433
"LFT_02164",-0.612880687703492,0.0424007174989433
"LFT_00126",0.442225732722231,0.0427826134384009
"LFT_01412",-0.516975743785074,0.0428144119160746
"LFT_00120",-0.523726664075215,0.0428144119160746
"LFT_01331",-1.00737965958739,0.0428538702210492
"LFT_01068",0.438861956411525,0.0435216867992259
"LFT_00900",-0.44395612177614,0.0435492086187532
"LFT_00162",-0.522334743569766,0.0436414410597029
"LFT_01801",0.490913571647486,0.0437393610733541
"LFT_00453",0.425009307917884,0.0438894752333686
"LFT_01832",1.04866627133387,0.0440397019226721
"LFT_00153",0.980293510056824,0.0442043124613529
"LFT_01044",0.653676452162768,0.0444567784454331
"LFT_00965",0.710915565454736,0.044690175969713
"LFT_01070",-0.467515079746226,0.0451653056170365
"LFT_02542",-0.640355866091917,0.045397221280819
"LFT_02063",-0.51114406715239,0.0461047470068736
"LFT_01669",-0.453723324855284,0.0462758552819959
"LFT_00972",0.597194970652547,0.0462758552819959
"LFT_01181",-0.445136212038153,0.0462758552819959
"LFT_02482",-1.94827582164966,0.0462758552819959
"LFT_00279",0.374996274272756,0.0466657111057692
"LFT_01725",0.647541342952559,0.0471817213161568
"LFT_02580",0.433334219037603,0.0476887057402878
"LFT_01041",-0.523226968228099,0.0476887057402878
"LFT_01277",-0.529055669684218,0.0482085801416815
"LFT_02074",-0.489639179616082,0.0482085801416815
"LFT_01826",0.581885873359725,0.0486251748029041
"LFT_00700",0.64893866720385,0.0487772540675483
"LFT_00893",0.541620395106215,0.0489372213430706
"LFT_01870",-0.423071991392085,0.0489372213430706
"LFT_02031",0.450962130838785,0.0489372213430706
"LFT_01440",-0.597596270300111,0.0489372213430706
"LFT_00922",-0.674536591093522,0.0493338379677076
